latitude,longitude,country,city,households,housing_median_age,population,median_income,median_house_value
19.107588,72.943567,India,Mumbai,513,44,117467,11.68,339838
19.09089,72.943878,India,Mumbai,968,38,313900,6.24,1018708
19.012061,72.91829,India,Mumbai,544,9,50173,8.56,978599
18.916083,72.801027,India,Mumbai,851,71,775881,2.54,1430224
19.075706,72.945136,India,Mumbai,3027,78,110912,11.9,636759
19.075141,72.837016,India,Mumbai,4923,7,34376,9.34,809444
18.914458,72.850945,India,Mumbai,4621,86,549630,7.87,408610
18.982775,72.903113,India,Mumbai,1717,37,722146,11.34,1225820
19.174456,72.874141,India,Mumbai,3825,14,458850,8.35,260827
19.227714,72.859759,India,Mumbai,921,35,202797,6.58,859757
19.237444,72.911656,India,Mumbai,3563,12,886368,5.93,1214819
18.955652,72.827559,India,Mumbai,4075,6,978345,5.17,914130
19.090075,72.769695,India,Mumbai,1985,45,89286,5.75,886482
19.152393,72.938413,India,Mumbai,1805,76,877456,10.49,1371437
19.01669,72.777545,India,Mumbai,4721,12,423622,10.03,1456975
19.117914,72.930491,India,Mumbai,2890,98,137343,4.72,1354865
18.944438,72.93374,India,Mumbai,1194,43,842015,4.61,679070
18.975804,72.752563,India,Mumbai,3138,63,731401,8.3,922656
19.153053,72.852956,India,Mumbai,4162,64,973469,8.82,880822
19.043163,72.762399,India,Mumbai,659,6,548050,9.62,897209
19.085435,72.888842,India,Mumbai,375,71,325778,11.37,953885
19.210632,72.847531,India,Mumbai,1728,69,87167,7.84,659695
19.260843,72.885576,India,Mumbai,2571,89,910815,11.37,1089330
18.938089,72.783687,India,Mumbai,439,64,297856,5,59575
19.128976,72.919911,India,Mumbai,739,45,291007,8.18,277017
19.156542,72.886615,India,Mumbai,4883,83,502843,10.62,619046
19.229557,72.772124,India,Mumbai,4436,34,364074,4.17,1370436
18.988657,72.788968,India,Mumbai,3638,58,900076,4.22,964203
19.156376,72.878096,India,Mumbai,2533,54,427606,7.18,754737
19.155036,72.802834,India,Mumbai,3433,86,495122,2.4,654704
19.161697,72.939745,India,Mumbai,363,41,727995,10.62,625608
18.999937,72.881375,India,Mumbai,1051,50,530187,3,841708
18.903778,72.815427,India,Mumbai,3292,79,708098,5.97,1305887
19.083698,72.837387,India,Mumbai,495,67,512366,11.75,232605
19.094231,72.841864,India,Mumbai,1902,25,459728,8.07,266350
18.910469,72.880904,India,Mumbai,1312,43,922714,2.46,596908
19.07137,72.891175,India,Mumbai,3800,88,527069,2.95,992991
19.246521,72.807225,India,Mumbai,3483,96,466224,8.56,1308266
19.198345,72.790006,India,Mumbai,3721,100,910515,2.11,882769
19.239047,72.899278,India,Mumbai,1487,85,124216,2.85,388173
19.085842,72.877912,India,Mumbai,821,86,918901,11.15,263086
19.2602,72.829851,India,Mumbai,2198,68,832862,11.87,141250
19.267987,72.775548,India,Mumbai,2592,82,990242,8.9,659606
18.930031,72.764178,India,Mumbai,4089,32,727315,8.05,883803
18.894865,72.777683,India,Mumbai,4290,91,205955,7.94,469761
19.101636,72.932422,India,Mumbai,3347,21,716071,8.02,697476
19.21656,72.90038,India,Mumbai,4061,77,631970,7.99,760443
18.941319,72.912937,India,Mumbai,2914,57,684105,10.48,759006
18.969065,72.77635,India,Mumbai,706,54,145730,6.12,686029
19.11931,72.864832,India,Mumbai,1569,93,953914,11.39,1052672
19.108341,72.924172,India,Mumbai,3833,58,480644,3.94,878822
19.236532,72.765969,India,Mumbai,1653,37,310782,9.99,242113
18.901531,72.860403,India,Mumbai,3807,48,404619,11.53,765843
19.257713,72.797128,India,Mumbai,4827,73,492849,9.86,245298
19.098734,72.903889,India,Mumbai,313,28,42322,3.92,377997
19.141612,72.862717,India,Mumbai,2794,94,248753,2.84,855334
19.278319,72.880862,India,Mumbai,2244,60,713342,2.88,645088
18.996432,72.898423,India,Mumbai,1818,64,485475,3.28,1499734
18.917761,72.765276,India,Mumbai,816,99,560742,7.73,752091
19.078397,72.926583,India,Mumbai,203,21,618031,9.91,1040657
18.966973,72.899346,India,Mumbai,3071,63,695880,5.47,431537
18.998673,72.854199,India,Mumbai,2567,18,121233,10.01,336469
19.193892,72.841487,India,Mumbai,3809,13,570185,7.25,183812
18.999982,72.806604,India,Mumbai,2029,14,460775,2.48,117351
18.94162,72.781447,India,Mumbai,4049,46,549866,4.98,831866
19.014706,72.83833,India,Mumbai,3161,71,904495,11.65,548353
19.078292,72.896865,India,Mumbai,4309,97,74661,4.64,410760
18.991672,72.781714,India,Mumbai,852,45,963473,9,233047
19.227714,72.779924,India,Mumbai,3727,6,208506,2.86,103367
19.198021,72.876314,India,Mumbai,3549,63,693946,8.77,1351219
18.938997,72.897613,India,Mumbai,2622,96,655578,3.08,910709
19.131266,72.937727,India,Mumbai,187,66,688864,8.86,1080597
18.966941,72.830325,India,Mumbai,600,20,829054,4.63,1163646
19.072253,72.822252,India,Mumbai,1167,13,186619,8.37,1281126
19.007078,72.87714,India,Mumbai,222,91,541035,10.11,872470
19.248401,72.7907,India,Mumbai,4586,25,977096,5.49,644349
19.212072,72.92703,India,Mumbai,4744,99,969252,11.68,1230772
19.04054,72.866266,India,Mumbai,4804,95,243726,4.66,1228046
19.0845,72.765867,India,Mumbai,3086,80,541489,2.42,213215
19.257807,72.846681,India,Mumbai,581,86,926001,10.24,199944
19.020808,72.943983,India,Mumbai,1121,92,506507,3.88,1072651
19.123089,72.929352,India,Mumbai,2297,54,477869,8.7,918729
19.074143,72.767572,India,Mumbai,4142,71,236170,9.69,820159
19.021637,72.752025,India,Mumbai,1567,18,490884,6.9,591889
19.095052,72.831203,India,Mumbai,2654,92,195096,5.98,1365899
19.073478,72.868217,India,Mumbai,115,33,357585,8.92,229836
19.164978,72.90804,India,Mumbai,3559,46,581779,7.86,1256955
19.087866,72.869339,India,Mumbai,3489,75,970209,6.6,452652
18.885316,72.925461,India,Mumbai,2241,7,1928,2.26,354723
18.992251,72.90771,India,Mumbai,869,17,960975,6.3,181006
18.991632,72.886617,India,Mumbai,391,42,727269,4.29,749676
18.961571,72.797611,India,Mumbai,3688,37,679502,3.61,258590
19.166005,72.917836,India,Mumbai,2352,93,782840,4.02,657010
19.011196,72.802997,India,Mumbai,4308,78,857964,11.61,313318
19.062612,72.930306,India,Mumbai,1211,32,698500,5.11,1213624
19.247027,72.80443,India,Mumbai,2827,12,145818,4.94,781439
19.2743,72.893866,India,Mumbai,1784,58,465478,8.63,1063187
19.257297,72.825043,India,Mumbai,2499,71,506350,4.06,634092
19.053235,72.875195,India,Mumbai,3460,50,543761,11.96,824395
19.18683,72.931505,India,Mumbai,4492,11,963479,9.13,653725
28.442332,77.248344,India,Delhi,3667,18,332557,7.05,677868
28.718,76.873361,India,Delhi,3210,52,922641,2.92,178830
28.788085,76.943643,India,Delhi,1314,82,466772,10.89,465297
28.507495,77.184376,India,Delhi,4093,60,803580,11.34,402584
28.739092,76.968629,India,Delhi,686,28,877178,3.4,1131186
28.761119,76.849794,India,Delhi,3646,95,332945,5.89,1418427
28.40079,76.953974,India,Delhi,339,41,509680,8.94,1483617
28.43588,77.069519,India,Delhi,912,16,544613,8.2,849496
28.543926,77.069512,India,Delhi,898,59,779454,8.74,685637
28.459592,77.176965,India,Delhi,585,71,399178,4.52,100538
28.453722,77.097131,India,Delhi,2399,99,798939,6.78,688843
28.512888,77.252743,India,Delhi,4027,63,149593,9.49,500117
28.421968,77.033677,India,Delhi,1920,42,128681,11,408770
28.454715,77.183825,India,Delhi,3794,14,543037,2.43,600817
28.657408,77.16273,India,Delhi,3036,59,631254,8.28,956397
28.781372,77.013629,India,Delhi,1274,23,414345,10.72,1370269
28.72786,77.253176,India,Delhi,3000,42,84634,5.29,1410340
28.613767,77.294632,India,Delhi,3426,97,938636,4.32,247512
28.513024,77.301743,India,Delhi,3191,36,325291,7.47,122698
28.525055,77.142532,India,Delhi,2271,83,563527,2.1,1455057
28.657958,77.125332,India,Delhi,953,30,249650,2.74,777207
28.757281,77.188518,India,Delhi,2089,93,974226,2.66,512951
28.560492,76.833073,India,Delhi,192,82,913197,8.92,98635
28.686473,77.237663,India,Delhi,1745,67,494434,7.31,1170944
28.762337,77.206612,India,Delhi,2976,28,277896,6.88,394778
28.540744,77.324224,India,Delhi,3659,36,4879,11.1,396293
28.609241,77.304629,India,Delhi,1006,93,413672,2.83,90586
28.540555,77.306418,India,Delhi,3114,66,638542,10.21,1457698
28.538305,76.978171,India,Delhi,3666,44,486196,4.94,111058
28.843095,77.038883,India,Delhi,1732,63,85478,2.01,1029911
28.523813,77.232038,India,Delhi,796,57,420371,10.78,521786
28.870035,77.209007,India,Delhi,524,48,837824,7.98,1318106
28.477529,76.916123,India,Delhi,1789,41,312676,3.24,1249657
28.433127,77.297602,India,Delhi,347,29,786934,2.01,1234765
28.878168,77.021759,India,Delhi,2253,53,627589,2.72,847348
28.550926,77.212653,India,Delhi,614,31,175001,7.3,325283
28.835304,76.92654,India,Delhi,1993,59,297021,8.86,60719
28.746443,77.197515,India,Delhi,1026,65,326335,3.81,1483363
28.691256,77.283297,India,Delhi,4862,10,351071,6.11,626516
28.685633,77.32837,India,Delhi,1598,75,161581,4.6,119729
28.828021,77.008345,India,Delhi,4297,46,740789,5.66,377250
28.521585,77.018984,India,Delhi,3862,71,18994,7.81,780435
28.43695,77.135736,India,Delhi,2136,55,398388,9.34,777022
28.876774,77.275768,India,Delhi,4540,42,810443,6.14,504853
28.512161,77.295781,India,Delhi,999,63,76182,4.02,1268140
28.579362,76.996648,India,Delhi,1076,85,952798,8.78,1320929
28.62,77.108123,India,Delhi,4139,19,190345,3.55,202968
28.793413,76.993834,India,Delhi,1730,69,485324,9.15,718472
28.770255,76.996864,India,Delhi,738,88,738546,5.51,1303900
28.549706,76.968057,India,Delhi,3863,52,426604,4.83,757485
28.517435,76.925172,India,Delhi,1334,83,92940,10.82,205755
28.731599,77.039694,India,Delhi,4968,83,736774,4.01,1193370
28.555816,77.172187,India,Delhi,668,82,530021,2.85,1442106
28.799968,76.937036,India,Delhi,2912,7,875853,7.89,1288316
28.627238,77.24997,India,Delhi,4672,60,462910,7.05,522466
28.776429,77.233275,India,Delhi,617,84,193437,10.92,780900
28.742417,76.834908,India,Delhi,4837,97,73129,10.91,1070961
28.61662,77.246151,India,Delhi,552,93,869878,8.57,237477
28.450072,77.253964,India,Delhi,455,23,890592,3.64,96612
28.532925,77.16497,India,Delhi,3440,70,310886,5.45,381518
28.662785,76.930925,India,Delhi,209,7,99301,9.83,513787
28.758389,77.3213,India,Delhi,3489,22,156948,10.79,1052212
28.786759,77.130856,India,Delhi,2513,74,396290,10.45,793227
28.78242,77.237136,India,Delhi,2502,20,37711,10.29,1216269
28.424362,77.322243,India,Delhi,537,40,361430,11.24,1166038
28.578622,77.237075,India,Delhi,4105,45,82168,3.93,1176573
28.463939,77.151808,India,Delhi,3644,20,306378,5.33,493365
28.854088,76.996747,India,Delhi,2035,81,316251,9.6,160546
28.405949,77.064147,India,Delhi,4763,53,704756,6.57,1381206
28.437405,77.279811,India,Delhi,4395,54,92430,10.97,731531
28.622433,76.867949,India,Delhi,1941,41,25034,9.41,1498746
28.763313,76.857592,India,Delhi,3421,51,616036,8.26,129172
28.486947,77.260418,India,Delhi,619,89,485663,9.47,858305
28.780651,77.322143,India,Delhi,3444,35,510990,4.24,751368
28.436047,76.92005,India,Delhi,2509,25,274814,8.31,567725
28.438913,77.099532,India,Delhi,4211,81,630989,9.14,1442179
28.837769,77.221379,India,Delhi,2797,69,660756,5.86,935842
28.708552,77.248059,India,Delhi,755,46,623720,8.75,1195771
28.840925,77.304776,India,Delhi,1722,81,601147,6.97,80103
28.444564,76.977985,India,Delhi,4700,83,550316,5.95,114602
28.561714,77.235128,India,Delhi,3981,45,107675,6.14,989480
28.839331,77.118271,India,Delhi,1490,29,63739,8.37,953310
28.444014,76.838759,India,Delhi,1342,76,971325,6.77,683990
28.606899,77.308562,India,Delhi,186,74,338548,2.11,268760
28.845928,76.847043,India,Delhi,202,28,736711,7.8,1423438
28.663663,77.003239,India,Delhi,4626,23,868679,7.62,827154
28.40252,76.997326,India,Delhi,4440,90,990922,2.7,357713
28.66711,76.891153,India,Delhi,1696,43,210850,3.64,724519
28.566826,77.019618,India,Delhi,1207,88,388695,6.59,1111728
28.464232,76.944885,India,Delhi,2987,7,385594,4.8,1476591
28.457742,77.268307,India,Delhi,344,49,826445,7.39,474451
28.793229,77.248836,India,Delhi,4558,43,591630,6.92,1032280
28.651248,77.041588,India,Delhi,4251,77,110678,5.92,1083454
28.464415,76.935919,India,Delhi,3629,68,480568,6.66,1115314
28.587827,77.086231,India,Delhi,1039,74,204359,3.01,1089208
28.422783,76.917838,India,Delhi,3596,14,253438,2.91,92701
28.64984,77.137422,India,Delhi,1788,15,269685,3.08,315816
28.686079,76.914835,India,Delhi,3889,8,528586,2.23,1337190
28.74683,77.11959,India,Delhi,4787,69,761914,8.05,232743
28.428523,77.033381,India,Delhi,4787,88,651577,8.16,1125889
12.985824,77.706308,India,Bangalore,4430,56,992020,8.45,1335048
13.015249,77.644098,India,Bangalore,4241,98,516005,5.74,1434414
13.067898,77.628762,India,Bangalore,242,37,935778,7.21,141511
12.982213,77.671976,India,Bangalore,3618,25,182382,7.07,255107
13.042082,77.545078,India,Bangalore,2954,12,132515,5.72,1430068
12.904358,77.704991,India,Bangalore,2999,66,66946,2.85,394597
13.056188,77.687426,India,Bangalore,2019,7,884873,6.03,65273
13.082705,77.720321,India,Bangalore,3757,89,40189,11.91,1122900
13.075698,77.730511,India,Bangalore,2286,17,966230,5.4,427718
13.112476,77.74341,India,Bangalore,4201,38,460116,4.63,935981
12.970287,77.584364,India,Bangalore,4018,58,296612,9.65,1414472
13.102845,77.687667,India,Bangalore,3969,22,748888,10.08,549973
13.046026,77.65018,India,Bangalore,834,63,557010,6.99,1477727
13.100926,77.620752,India,Bangalore,2635,59,77069,4.82,363582
13.018058,77.661118,India,Bangalore,1399,66,307574,4.53,990251
13.135955,77.624094,India,Bangalore,4070,23,768494,9.39,1406810
12.883067,77.647057,India,Bangalore,3680,57,722988,3.33,571736
12.937141,77.534849,India,Bangalore,447,63,773943,8.63,874356
13.040395,77.509076,India,Bangalore,3010,63,840140,11.98,1441364
12.906787,77.554006,India,Bangalore,3043,19,12664,11.14,394835
12.931972,77.687151,India,Bangalore,4250,22,277936,8.43,593583
12.859975,77.685191,India,Bangalore,1377,24,348260,5.08,232985
12.898311,77.676797,India,Bangalore,2102,90,58411,2.8,579275
13.120091,77.642196,India,Bangalore,3603,70,698753,8.22,153599
13.037463,77.663918,India,Bangalore,3678,37,559950,10.31,297553
12.886611,77.641914,India,Bangalore,2493,78,581646,7.52,650846
12.909809,77.533096,India,Bangalore,1524,25,773505,3.47,1331513
13.100958,77.727118,India,Bangalore,3527,50,342701,8.84,446400
12.981821,77.726194,India,Bangalore,2342,82,583947,3.23,1089680
13.139736,77.604703,India,Bangalore,748,15,697025,10.7,446802
13.099018,77.517118,India,Bangalore,1632,50,430298,4.55,457371
12.968067,77.744089,India,Bangalore,3735,93,129183,11.99,802994
12.979941,77.695816,India,Bangalore,1819,56,266858,10.8,795728
12.990821,77.527085,India,Bangalore,3190,93,865228,11.09,1135713
12.966321,77.731269,India,Bangalore,2861,87,854386,4.23,1375955
13.018337,77.731311,India,Bangalore,4898,82,66148,3.46,735795
12.953103,77.583558,India,Bangalore,2991,39,28936,2.83,1337618
12.970361,77.529651,India,Bangalore,4204,74,643002,4.39,60434
13.060067,77.668382,India,Bangalore,3189,56,14048,3.03,332049
13.135539,77.722962,India,Bangalore,3740,6,268861,11.08,1131308
13.001973,77.597505,India,Bangalore,2496,41,829136,5.7,1325693
12.944278,77.662082,India,Bangalore,1907,5,955449,7.76,1034321
13.00397,77.608541,India,Bangalore,2259,34,281094,2.75,267894
12.999378,77.599327,India,Bangalore,3586,7,93603,3.1,761031
13.037063,77.71116,India,Bangalore,891,89,24995,5.92,105738
12.994973,77.586975,India,Bangalore,4208,36,400665,4.44,409822
13.006809,77.626033,India,Bangalore,4152,89,250143,7.14,244216
13.13606,77.732268,India,Bangalore,1345,46,730171,10.3,349497
12.92378,77.567262,India,Bangalore,4238,65,498670,7.67,127000
12.985816,77.501372,India,Bangalore,2509,91,705975,10.57,303395
13.112739,77.507369,India,Bangalore,2141,22,753590,7.99,1406827
13.054531,77.58016,India,Bangalore,4096,43,21464,10.98,1128331
13.099181,77.590217,India,Bangalore,2064,83,829434,3.97,54084
12.924083,77.589226,India,Bangalore,3019,10,580771,8.87,1205065
13.076404,77.739583,India,Bangalore,844,24,955232,9.33,746830
13.037014,77.664568,India,Bangalore,4830,68,543998,5.27,238224
13.042114,77.629398,India,Bangalore,4520,42,580099,8.4,1429126
13.096355,77.665148,India,Bangalore,1520,44,975911,3.57,1019367
13.059963,77.726765,India,Bangalore,1135,16,884413,8.91,158670
13.043956,77.606372,India,Bangalore,1580,73,758847,3.29,475840
12.907512,77.563704,India,Bangalore,3186,33,66980,3.44,876342
13.141766,77.624824,India,Bangalore,4936,48,800293,4.87,1221904
12.880084,77.540807,India,Bangalore,1610,11,496873,8.23,1211908
12.901821,77.679074,India,Bangalore,4526,9,905836,5.78,822415
12.933399,77.595417,India,Bangalore,1223,14,672880,5.57,1455363
12.853169,77.50646,India,Bangalore,3038,51,775433,6.16,1415197
13.124283,77.553184,India,Bangalore,1725,41,837170,7.39,1039312
13.053994,77.560731,India,Bangalore,3261,79,932879,3.01,105675
13.111514,77.523111,India,Bangalore,2615,28,167102,6.05,966017
13.025318,77.502187,India,Bangalore,4716,98,582104,8.04,323048
12.935697,77.544914,India,Bangalore,4046,61,67151,3.7,514588
13.133792,77.691948,India,Bangalore,2770,9,76330,8.52,445795
12.999982,77.567841,India,Bangalore,2660,94,820164,5.97,1121404
13.142546,77.605781,India,Bangalore,2465,40,57643,9.22,458132
13.124718,77.596843,India,Bangalore,4071,28,946228,7.46,988170
12.969807,77.55889,India,Bangalore,437,43,296482,7.47,191288
12.898576,77.69449,India,Bangalore,1075,17,52507,4.12,243943
12.965584,77.724189,India,Bangalore,3168,25,144608,10.28,867997
13.032187,77.679342,India,Bangalore,2269,83,134345,2.46,214141
13.04667,77.540949,India,Bangalore,2260,53,434314,8.73,81339
13.148128,77.682757,India,Bangalore,1432,81,904521,7.03,1064352
12.913708,77.679911,India,Bangalore,4174,17,590328,6.01,492779
13.073294,77.746571,India,Bangalore,4804,71,854284,7.53,960376
12.893732,77.698293,India,Bangalore,627,74,81266,2.52,1179956
12.919033,77.580441,India,Bangalore,1635,16,613490,4.38,1108258
12.900619,77.699347,India,Bangalore,3400,77,939942,9.91,468312
12.901494,77.567037,India,Bangalore,3605,95,34213,2.07,513198
13.129278,77.640795,India,Bangalore,1881,35,39993,3.09,891416
12.905346,77.556058,India,Bangalore,4612,87,840349,8.87,140673
13.067243,77.555016,India,Bangalore,2425,16,975661,5.41,535534
13.126256,77.649627,India,Bangalore,4035,55,376018,10.05,407789
12.896019,77.636089,India,Bangalore,4524,37,952881,2.22,462252
12.928101,77.643234,India,Bangalore,3611,92,45629,6.1,1223716
13.143491,77.613898,India,Bangalore,4951,18,992404,5.14,744094
12.870132,77.693401,India,Bangalore,350,58,269331,10.59,670513
13.092339,77.700613,India,Bangalore,3581,9,869311,6.43,619035
13.093078,77.622217,India,Bangalore,3343,65,800002,9.22,1160812
13.104717,77.716675,India,Bangalore,2410,41,330866,7.3,636288
12.909893,77.543789,India,Bangalore,4018,43,679247,7.06,952329
12.880327,77.504326,India,Bangalore,2985,64,183809,4.5,192167
22.570199,88.433828,India,Kolkata,2619,79,296415,3.91,1000916
22.568569,88.423055,India,Kolkata,4354,93,683144,10.21,266491
22.530453,88.348732,India,Kolkata,839,43,636903,3.98,614898
22.607473,88.312573,India,Kolkata,2038,25,195647,2.84,1431563
22.537307,88.458527,India,Kolkata,463,83,486879,3.57,1045276
22.535562,88.416463,India,Kolkata,1125,90,930698,10.77,1097672
22.597488,88.324987,India,Kolkata,4556,30,462695,4.61,1368339
22.546731,88.481711,India,Kolkata,3152,71,635193,8.27,828194
22.6646,88.46808,India,Kolkata,277,36,841826,7.65,757546
22.549055,88.498064,India,Kolkata,773,10,653362,11.45,1124380
22.599878,88.485083,India,Kolkata,4682,43,670968,6.34,1251828
22.64148,88.425459,India,Kolkata,2978,81,209892,6.67,1003037
22.480152,88.491985,India,Kolkata,1670,54,792114,11.16,588659
22.696762,88.451492,India,Kolkata,2531,97,668539,6.27,353086
22.688908,88.433029,India,Kolkata,3405,16,913470,7.28,289966
22.455961,88.420194,India,Kolkata,3185,27,726818,3.26,517576
22.738743,88.387894,India,Kolkata,2279,39,631690,5.61,513261
22.695763,88.458346,India,Kolkata,1574,99,909641,11.85,1193597
22.497767,88.377863,India,Kolkata,2854,47,904236,3.79,113285
22.713662,88.480637,India,Kolkata,3768,23,982928,3.33,864371
22.681148,88.342469,India,Kolkata,4400,43,74549,6.6,959998
22.714709,88.380975,India,Kolkata,4830,86,638111,2.41,362287
22.632259,88.489485,India,Kolkata,4070,66,339020,9.6,962979
22.542062,88.453613,India,Kolkata,3540,82,408311,9.83,1273480
22.560061,88.486227,India,Kolkata,2530,49,634459,6.41,256702
22.568832,88.353293,India,Kolkata,970,25,495946,3.12,826149
22.595534,88.313466,India,Kolkata,4243,64,386677,4.73,1347831
22.649635,88.36447,India,Kolkata,3036,82,168316,4.17,960247
22.544573,88.412509,India,Kolkata,2271,78,138426,4.43,136894
22.533259,88.346516,India,Kolkata,4662,55,11123,7.54,1282936
22.717206,88.325858,India,Kolkata,4764,22,911000,4.36,1119593
22.516122,88.340802,India,Kolkata,199,63,360961,8.57,1258811
22.541195,88.324057,India,Kolkata,735,87,99382,6.13,689209
22.490462,88.466128,India,Kolkata,4151,27,691306,6.05,489137
22.528234,88.393942,India,Kolkata,2959,12,121804,3.17,1340514
22.584785,88.446504,India,Kolkata,1671,93,887726,7.98,866744
22.686029,88.467486,India,Kolkata,2742,6,55538,5.72,1370106
22.749622,88.432714,India,Kolkata,745,15,644356,7.03,1227420
22.464505,88.486169,India,Kolkata,1826,56,332671,6.02,410394
22.582419,88.322597,India,Kolkata,4457,91,939872,11.52,1420618
22.697954,88.343123,India,Kolkata,707,74,964397,11.2,1326559
22.559583,88.367336,India,Kolkata,4892,27,181458,10.06,999716
22.625621,88.418216,India,Kolkata,2626,59,697267,5.77,398360
22.731177,88.481775,India,Kolkata,492,58,816681,3.44,81146
22.562665,88.318219,India,Kolkata,4774,10,996793,8.29,1410091
22.5758,88.499203,India,Kolkata,2772,62,19665,7.67,287022
22.556386,88.341781,India,Kolkata,2668,26,792775,11.36,288153
22.505506,88.473837,India,Kolkata,2919,54,236955,3.44,942666
22.698484,88.356763,India,Kolkata,779,33,342682,9.06,1155464
22.593511,88.43587,India,Kolkata,2473,61,45852,4.36,392640
22.687461,88.316381,India,Kolkata,2778,67,726506,11.39,1125774
22.599834,88.451462,India,Kolkata,2201,11,470797,11.32,869393
22.716277,88.356839,India,Kolkata,3822,33,200134,2.77,117139
22.527783,88.459403,India,Kolkata,2977,87,720877,8.84,822832
22.590795,88.451017,India,Kolkata,2011,74,195135,2.9,1043041
22.575493,88.377481,India,Kolkata,3211,38,191711,9.18,532707
22.540371,88.447699,India,Kolkata,2447,96,963158,5.61,876885
22.595572,88.436203,India,Kolkata,1953,42,111519,6.01,1339100
22.693335,88.320159,India,Kolkata,4919,92,491674,6.1,816033
22.57978,88.429464,India,Kolkata,4161,79,162366,10.09,538758
22.508216,88.346433,India,Kolkata,3430,91,67897,6.11,1452690
22.594936,88.470044,India,Kolkata,1544,84,465035,7.84,1294795
22.672051,88.432194,India,Kolkata,4725,98,107684,3.3,277097
22.516598,88.451712,India,Kolkata,2597,39,837996,2.75,184731
22.637611,88.341609,India,Kolkata,173,71,536784,7.85,412123
22.502835,88.365905,India,Kolkata,2463,40,407572,11.05,510781
22.483245,88.400815,India,Kolkata,2691,57,917931,2.55,217877
22.683909,88.333162,India,Kolkata,4982,95,833788,11.91,485719
22.465581,88.343162,India,Kolkata,260,29,281589,6.14,1084956
22.629478,88.328931,India,Kolkata,3004,56,891429,8.88,1383697
22.668959,88.313244,India,Kolkata,742,89,646809,4.44,764572
22.635419,88.365961,India,Kolkata,4615,65,406166,3.1,1441001
22.53752,88.478331,India,Kolkata,127,27,859257,5.3,231684
22.643619,88.304858,India,Kolkata,819,51,600247,6.43,554743
22.451232,88.360285,India,Kolkata,4729,57,976069,6.77,944623
22.522987,88.403137,India,Kolkata,3349,84,758616,4.38,1101808
22.642323,88.390214,India,Kolkata,2488,89,538467,11.52,970794
22.668962,88.456705,India,Kolkata,3236,55,778900,7.05,1092267
22.500236,88.388096,India,Kolkata,3400,64,538114,3.66,661358
22.694812,88.353726,India,Kolkata,3330,61,188227,8.51,594729
22.498588,88.43697,India,Kolkata,2384,25,571070,7.12,507791
22.547466,88.396986,India,Kolkata,3427,66,480636,10.5,1412863
22.5152,88.487365,India,Kolkata,3672,78,808939,8.69,627723
22.465006,88.402065,India,Kolkata,3688,68,152446,7.55,461169
22.475826,88.361739,India,Kolkata,654,40,835323,9.81,649943
22.509458,88.374146,India,Kolkata,3286,48,729840,10.79,1349422
22.50609,88.336561,India,Kolkata,4803,67,448424,4.98,1392815
22.663016,88.306163,India,Kolkata,1286,56,788504,3.07,1465965
22.696445,88.302411,India,Kolkata,666,21,36158,7.65,233490
22.589198,88.412972,India,Kolkata,248,94,58258,6.34,65596
22.604167,88.497751,India,Kolkata,1407,70,538055,4.63,102072
22.673751,88.469279,India,Kolkata,2860,14,316796,5.69,108095
22.541287,88.468538,India,Kolkata,1323,18,737726,7.97,831885
22.536265,88.314301,India,Kolkata,3088,63,779070,6.91,65171
22.504794,88.464878,India,Kolkata,595,46,947307,10.15,1321366
22.594794,88.40542,India,Kolkata,4942,33,84858,7.21,651402
22.627822,88.423102,India,Kolkata,4502,95,415435,3.65,1156840
22.629631,88.463403,India,Kolkata,4402,11,805990,5.94,1315932
22.636541,88.310853,India,Kolkata,2628,100,864250,9.91,279846
22.690548,88.456803,India,Kolkata,3514,83,669327,7.17,231570
51.478441,-0.119398,UK,London,2191,32,602748,10.72,87466
51.431697,-0.27979,UK,London,764,80,680523,10.29,721740
51.477886,-0.430796,UK,London,2206,77,312063,5.99,716994
51.53702,0.064375,UK,London,2740,29,882617,9.46,741431
51.317429,-0.001359,UK,London,4919,56,375613,9.53,1398309
51.372282,-0.443858,UK,London,4335,92,249958,2.46,855099
51.499768,-0.447807,UK,London,1599,99,235882,7.87,351190
51.337261,-0.438734,UK,London,2717,35,872839,2.32,1329086
51.400482,0.074571,UK,London,2268,86,665877,6.51,739782
51.437014,-0.25867,UK,London,3088,76,772227,5.33,248977
51.391446,-0.106368,UK,London,240,40,688734,5.59,998248
51.515877,-0.372443,UK,London,3939,74,463684,8.21,461912
51.490449,0.078356,UK,London,3686,62,504674,9.08,963400
51.508904,0.070467,UK,London,3518,29,908376,9.34,1211665
51.431479,-0.036298,UK,London,1996,31,635427,11.68,321694
51.30226,-0.169094,UK,London,332,24,973116,9.49,1270035
51.428093,-0.054593,UK,London,2353,71,817023,9.34,632851
51.460877,0.09653,UK,London,597,73,667636,4.16,1013909
51.310025,-0.185901,UK,London,792,9,802435,9.18,575389
51.578027,-0.3808,UK,London,1620,21,825861,2.28,348946
51.305031,-0.333461,UK,London,1859,38,979422,2.68,382870
51.481931,-0.03587,UK,London,532,19,791010,10.22,122985
51.346014,-0.06656,UK,London,1436,70,392799,11.01,831797
51.541046,-0.233683,UK,London,942,50,763662,7.07,1314344
51.448184,-0.166586,UK,London,1065,76,49258,6.03,1057984
51.376928,0.091657,UK,London,1189,53,311848,11.14,274987
51.551615,-0.190305,UK,London,1688,9,819644,3.73,723598
51.367851,-0.163167,UK,London,1909,87,536155,10.15,1479980
51.352348,-0.124366,UK,London,3819,92,622968,3.11,690118
51.47644,-0.169884,UK,London,2888,70,726659,6.05,340265
51.357223,-0.250088,UK,London,4379,38,340370,7.68,513841
51.316545,-0.216599,UK,London,3637,40,736909,6.15,265099
51.400021,-0.317616,UK,London,4333,81,249318,11.12,466226
51.301807,-0.038642,UK,London,4107,21,124935,4.46,1205849
51.453874,-0.285589,UK,London,2651,38,108312,3.9,110609
51.387692,-0.335743,UK,London,1513,76,958029,4.47,1117621
51.49556,0.054657,UK,London,4860,10,581709,8.02,627012
51.512835,-0.360884,UK,London,1619,46,9144,11.66,107768
51.533984,0.046734,UK,London,1401,28,917759,7.05,752561
51.504604,-0.175135,UK,London,3335,64,531033,6.87,1223698
51.303705,-0.481297,UK,London,3287,64,29588,6.05,288314
51.484298,-0.475177,UK,London,3266,61,11748,2.24,1217013
51.446452,-0.411,UK,London,1172,46,464635,5.74,453754
51.517397,-0.474752,UK,London,742,25,892960,8.64,869732
51.540547,-0.333051,UK,London,544,62,156902,9.8,677503
51.461238,-0.141985,UK,London,1995,50,806296,4.7,130713
51.424997,-0.085088,UK,London,2838,78,988979,6.84,284749
51.544752,-0.011795,UK,London,1128,31,302322,5.83,338346
51.491032,-0.071954,UK,London,4462,76,135266,11.51,635215
51.596655,-0.250537,UK,London,582,97,788217,11.09,226238
51.561805,-0.331249,UK,London,574,6,321751,7.87,1269754
51.514071,-0.092054,UK,London,4286,94,319720,4.22,849983
51.439222,-0.213993,UK,London,673,21,745984,10.74,539704
51.448968,-0.023154,UK,London,1683,85,203633,6.82,308905
51.447817,-0.12765,UK,London,1072,74,720403,10.65,147770
51.424275,-0.10513,UK,London,3773,13,370510,5.09,815959
51.351742,-0.142535,UK,London,4854,66,428537,11.8,985179
51.350932,-0.07273,UK,London,3553,5,512556,9.73,696590
51.432381,-0.020372,UK,London,1394,42,675756,6.73,166630
51.597434,-0.336362,UK,London,4573,80,208254,10.73,476965
51.476338,-0.166156,UK,London,4835,58,941764,3.3,394198
51.445098,0.079578,UK,London,1738,35,11622,4.78,184283
51.37309,0.028542,UK,London,1251,28,385369,9.98,1119058
51.529425,-0.141605,UK,London,1468,64,455917,10.75,282182
51.42804,-0.27532,UK,London,3548,64,275227,8.08,1149020
51.364859,-0.49987,UK,London,3036,27,641592,7.94,290502
51.576118,-0.257489,UK,London,452,52,61586,6.2,143766
51.337906,-0.2849,UK,London,1458,73,943568,5.63,836114
51.330051,-0.338854,UK,London,2807,23,971309,7.98,1152717
51.379367,0.047643,UK,London,3513,76,304311,10.14,140930
51.405963,-0.22615,UK,London,962,90,427676,3.45,964150
51.349509,-0.411965,UK,London,1373,60,295825,7.78,512645
51.379636,-0.117373,UK,London,4098,51,454075,6.83,569031
51.345944,-0.039759,UK,London,3378,92,751951,2.83,343503
51.483988,-0.2392,UK,London,2685,12,713306,3.65,978091
51.458234,-0.137517,UK,London,3658,13,937570,9.9,648003
51.389456,-0.116007,UK,London,186,89,269401,11.21,1449770
51.550843,0.036516,UK,London,4490,100,319352,2.16,540213
51.336743,-0.331226,UK,London,2043,53,438899,7.02,272484
51.564524,-0.498524,UK,London,4987,16,156776,5.03,289578
51.505827,0.028404,UK,London,3015,25,927297,8.84,1424647
51.434033,-0.476554,UK,London,3896,79,286517,5.82,725982
51.48881,0.06281,UK,London,4051,87,324291,11.15,506585
51.577661,-0.203432,UK,London,3122,77,340455,9.61,146126
51.395524,-0.286505,UK,London,3485,86,100123,11.22,1267900
51.329001,0.096704,UK,London,1771,98,592993,5.44,538064
51.44113,-0.018784,UK,London,536,14,420420,7.44,857019
51.352063,-0.188371,UK,London,3326,62,481758,4.56,975181
51.324928,-0.39292,UK,London,1150,90,711208,7.15,56721
51.547655,-0.362205,UK,London,2125,46,151479,10.75,575401
51.429854,-0.472479,UK,London,4844,85,106173,8.57,778007
51.353973,-0.476739,UK,London,1345,29,655086,7.02,388508
51.597659,-0.288968,UK,London,3149,34,970673,6.1,710200
51.533381,-0.292896,UK,London,4606,21,181245,9.03,608678
51.49027,-0.386762,UK,London,320,99,621491,9.08,547713
51.438478,-0.093498,UK,London,2969,19,930949,10.26,923962
51.420908,-0.220839,UK,London,1442,82,54710,4.69,1308383
51.395378,-0.002711,UK,London,2576,65,822577,3.91,1144587
51.365457,-0.32158,UK,London,3947,23,873154,5.22,235765
51.41176,-0.406919,UK,London,454,40,771389,10.63,987795
53.494812,-2.19224,UK,Manchester,3233,54,475730,9.84,1344778
53.519189,-2.246095,UK,Manchester,2421,34,692035,7.66,1454508
53.522722,-2.290938,UK,Manchester,2543,43,80933,2.85,158538
53.586187,-2.331094,UK,Manchester,4149,80,167177,10.98,134432
53.564375,-2.320286,UK,Manchester,4570,51,330381,9.96,390256
53.574361,-2.183354,UK,Manchester,4687,16,522127,3.27,1432291
53.515501,-2.338667,UK,Manchester,1657,55,583613,2.19,595514
53.567094,-2.169069,UK,Manchester,1414,34,404886,7.25,118951
53.479372,-2.332316,UK,Manchester,721,79,442472,2.53,86088
53.547899,-2.239923,UK,Manchester,2364,100,600472,10.47,655214
53.411069,-2.30512,UK,Manchester,3653,65,318526,9.3,575495
53.566505,-2.343714,UK,Manchester,774,26,676086,7.06,1089305
53.488036,-2.338005,UK,Manchester,1977,78,721794,2.63,674344
53.406435,-2.182444,UK,Manchester,3079,34,484119,2.12,1423809
53.566682,-2.2895,UK,Manchester,3523,49,640305,2.37,230308
53.447554,-2.284953,UK,Manchester,317,31,994793,8.86,738348
53.592875,-2.326278,UK,Manchester,2788,31,270712,10.73,282192
53.469228,-2.264069,UK,Manchester,3528,81,801625,3.42,1204768
53.465292,-2.343364,UK,Manchester,4223,76,48749,7.03,786454
53.527933,-2.295611,UK,Manchester,3503,91,23116,5.62,393204
53.412157,-2.245434,UK,Manchester,3724,23,342197,7.87,355316
53.476947,-2.262824,UK,Manchester,3024,52,462534,3.41,1244677
53.531049,-2.168842,UK,Manchester,3867,91,909978,3.73,933389
53.473919,-2.187017,UK,Manchester,1751,19,679348,11.57,552468
53.413879,-2.32284,UK,Manchester,2658,60,844117,5.91,178374
53.512983,-2.179695,UK,Manchester,3123,41,386540,8.2,199493
53.450206,-2.182705,UK,Manchester,4295,86,36822,4.39,1251289
53.519023,-2.19361,UK,Manchester,1483,74,284167,10.29,260572
53.406472,-2.179151,UK,Manchester,1586,84,121839,10.37,1308885
53.513459,-2.218417,UK,Manchester,1573,64,900373,4.9,1497523
53.465761,-2.163066,UK,Manchester,810,73,22192,8.42,1008773
53.574545,-2.184842,UK,Manchester,674,15,918486,3.2,209681
53.484266,-2.213466,UK,Manchester,1056,73,687612,4.5,1015439
53.534617,-2.152617,UK,Manchester,4108,74,570242,2.95,625744
53.573573,-2.3305,UK,Manchester,1053,21,385049,10.99,938800
53.571142,-2.171844,UK,Manchester,1002,43,623659,5.09,1401097
53.470729,-2.290788,UK,Manchester,1175,10,181769,7.79,1144695
53.527717,-2.166068,UK,Manchester,4764,37,747270,5.43,871983
53.423161,-2.187995,UK,Manchester,2200,49,546834,11.16,313937
53.442034,-2.337926,UK,Manchester,3105,13,466274,9.11,775202
53.577663,-2.309995,UK,Manchester,2294,61,543486,8.06,801663
53.410371,-2.17024,UK,Manchester,1170,14,498189,2.65,1488603
53.507986,-2.217316,UK,Manchester,535,85,932860,6.68,943800
53.508371,-2.270005,UK,Manchester,427,11,410758,3.34,584229
53.538886,-2.330918,UK,Manchester,634,18,978252,8.21,1204095
53.520953,-2.338836,UK,Manchester,2184,59,243348,2.47,1310753
53.42269,-2.288196,UK,Manchester,812,87,680250,10.51,1224199
53.565201,-2.251093,UK,Manchester,1671,11,97569,11.28,630331
53.431534,-2.280607,UK,Manchester,4800,6,17211,8.64,220881
53.550698,-2.278927,UK,Manchester,1501,66,725223,2.02,1294788
53.407702,-2.17552,UK,Manchester,3336,31,964243,11.4,1229085
53.460911,-2.159595,UK,Manchester,2605,81,84128,6.48,271985
53.57095,-2.220961,UK,Manchester,4458,69,871047,8.13,224314
53.437431,-2.289048,UK,Manchester,658,33,135889,3.99,739507
53.519785,-2.256672,UK,Manchester,4531,71,171373,7.5,172483
53.541637,-2.204288,UK,Manchester,4977,54,65853,10.9,1152797
53.48442,-2.258187,UK,Manchester,1546,68,609667,7.56,95423
53.438952,-2.297485,UK,Manchester,571,32,443682,7.53,987667
53.528513,-2.303064,UK,Manchester,331,9,238238,5.62,881445
53.430806,-2.15135,UK,Manchester,2341,68,931154,8.88,956328
53.421777,-2.306201,UK,Manchester,2801,8,536483,8.22,760451
53.454165,-2.259417,UK,Manchester,3417,78,516896,10.22,946457
53.431338,-2.223575,UK,Manchester,1449,30,296969,9.13,613898
53.477957,-2.32501,UK,Manchester,2017,16,194795,5.47,1215286
53.446588,-2.15335,UK,Manchester,4024,9,780502,9.04,853444
53.534429,-2.3448,UK,Manchester,3158,43,503332,4.99,711594
53.432395,-2.197664,UK,Manchester,3201,33,18463,8.4,336978
53.595002,-2.279272,UK,Manchester,2945,39,364370,7.49,440120
53.594553,-2.289542,UK,Manchester,3913,46,935960,4.07,429065
53.529156,-2.203268,UK,Manchester,3272,27,307147,8.83,742466
53.582806,-2.217902,UK,Manchester,838,58,712863,10.71,114588
53.412341,-2.344498,UK,Manchester,2603,71,310949,8.5,666080
53.530444,-2.207093,UK,Manchester,4774,77,594006,6.47,112225
53.475408,-2.186298,UK,Manchester,2953,62,186566,8.04,495938
53.45219,-2.311178,UK,Manchester,292,95,669503,2.12,416870
53.471092,-2.210533,UK,Manchester,3664,16,896833,5.89,287457
53.503633,-2.345028,UK,Manchester,4685,22,926833,4.49,424829
53.507016,-2.222578,UK,Manchester,182,47,898789,6.45,653070
53.431238,-2.150493,UK,Manchester,3893,90,958659,2.86,996207
53.406631,-2.259251,UK,Manchester,3673,33,438692,6.22,586652
53.42372,-2.333774,UK,Manchester,1374,96,351621,2.45,616942
53.578184,-2.15428,UK,Manchester,3827,42,460855,8.32,981552
53.476145,-2.152878,UK,Manchester,1645,54,468581,11.63,263949
53.585374,-2.198333,UK,Manchester,1210,41,292334,7.05,1153271
53.420964,-2.336578,UK,Manchester,4415,39,280269,11.2,893239
53.49679,-2.298982,UK,Manchester,3535,27,25674,7.26,760612
53.440147,-2.166401,UK,Manchester,3589,65,522983,11.41,53399
53.490534,-2.3163,UK,Manchester,3148,14,882606,5.54,886214
53.548546,-2.215057,UK,Manchester,3583,90,282239,4.3,483627
53.584371,-2.272981,UK,Manchester,3248,21,110127,4.88,75693
53.407059,-2.248975,UK,Manchester,3909,90,236622,7.08,659921
53.487284,-2.225439,UK,Manchester,1906,40,36506,6.68,156247
53.500567,-2.223869,UK,Manchester,347,37,593987,8.66,1004781
53.441212,-2.253675,UK,Manchester,3576,56,837080,6.78,1423637
53.439716,-2.297792,UK,Manchester,3116,25,536691,10.06,1006390
53.492058,-2.263362,UK,Manchester,2276,53,71650,4.91,1269721
53.442139,-2.236208,UK,Manchester,635,81,422735,10.55,228048
53.423316,-2.333149,UK,Manchester,2193,7,184130,11.27,960589
53.537565,-2.173485,UK,Manchester,2070,13,817693,2.89,1480213
53.462445,-2.208059,UK,Manchester,1097,9,180779,2.85,772481
55.979083,-3.172658,UK,Edinburgh,4064,12,83265,8.39,180591
55.953881,-3.258023,UK,Edinburgh,4132,16,556797,5.84,659489
55.95119,-3.268927,UK,Edinburgh,2265,97,349204,2.97,1001757
55.940151,-3.104346,UK,Edinburgh,4844,35,438770,3.8,1136388
55.917994,-3.177946,UK,Edinburgh,4034,40,121428,3.72,706752
55.945934,-3.206431,UK,Edinburgh,1652,58,438582,6.8,1328838
55.951222,-3.1357,UK,Edinburgh,3440,91,682338,10.91,1107882
55.985689,-3.252804,UK,Edinburgh,3498,51,989020,10.76,211485
55.933388,-3.138476,UK,Edinburgh,1558,22,615420,3.53,71414
55.955021,-3.216526,UK,Edinburgh,2100,62,605478,6.57,58844
55.924248,-3.285895,UK,Edinburgh,740,91,21075,6.86,1234846
55.942095,-3.184271,UK,Edinburgh,373,33,101056,8.43,278456
55.91559,-3.109385,UK,Edinburgh,613,29,869870,11.98,560973
55.980084,-3.288055,UK,Edinburgh,2145,49,172899,5.46,856207
55.958975,-3.284188,UK,Edinburgh,1456,42,37995,9.23,892388
55.941854,-3.222657,UK,Edinburgh,711,54,298642,11.78,536288
55.914716,-3.214395,UK,Edinburgh,4875,83,490014,4.86,965150
55.946741,-3.247248,UK,Edinburgh,734,9,539146,7.36,502951
55.918169,-3.280966,UK,Edinburgh,1534,69,363001,6.37,1408257
55.900929,-3.122219,UK,Edinburgh,3902,42,700939,11.94,104848
55.934959,-3.214085,UK,Edinburgh,3201,15,2771,2.49,1457888
55.941687,-3.215892,UK,Edinburgh,1562,55,42402,11.12,1082946
55.936763,-3.157532,UK,Edinburgh,2590,97,327714,2.3,1468078
55.922307,-3.298788,UK,Edinburgh,2611,62,116748,4.65,811681
55.907593,-3.133571,UK,Edinburgh,1760,20,101361,6.36,1166325
55.913445,-3.17358,UK,Edinburgh,4326,18,681041,5.68,1215620
55.92229,-3.178447,UK,Edinburgh,2990,62,819498,7.41,1208806
55.90148,-3.237967,UK,Edinburgh,320,87,124796,8.84,999189
55.90465,-3.139883,UK,Edinburgh,2918,66,458833,5.76,887837
55.955246,-3.246466,UK,Edinburgh,4584,84,7932,5.11,780452
55.945214,-3.240972,UK,Edinburgh,4200,31,440304,4.33,528304
55.910077,-3.206351,UK,Edinburgh,1825,60,616437,8.59,321390
55.928839,-3.140602,UK,Edinburgh,538,83,398459,8.57,84072
55.913119,-3.290307,UK,Edinburgh,4267,86,289399,8.68,451129
55.922508,-3.241146,UK,Edinburgh,1828,66,671672,10.85,657951
55.926173,-3.233841,UK,Edinburgh,4667,30,458707,6.47,1096743
55.978974,-3.143798,UK,Edinburgh,2600,10,5161,3.78,695085
55.905671,-3.253122,UK,Edinburgh,2742,34,131604,9.04,465559
55.913046,-3.169526,UK,Edinburgh,714,7,782529,3.93,1142196
55.91196,-3.231518,UK,Edinburgh,1083,11,537575,11.42,562720
55.980082,-3.113919,UK,Edinburgh,4941,16,59433,9.87,867442
55.936036,-3.175006,UK,Edinburgh,1640,10,816592,11.3,472543
55.963057,-3.14503,UK,Edinburgh,3595,65,562731,8.96,952900
55.982423,-3.188508,UK,Edinburgh,719,72,303612,7.42,439339
55.906088,-3.140837,UK,Edinburgh,1678,7,120912,8.24,982554
55.996286,-3.111259,UK,Edinburgh,4108,39,244613,5.44,673843
55.979092,-3.152236,UK,Edinburgh,2027,88,290538,10.7,791889
55.900769,-3.16243,UK,Edinburgh,4126,23,988578,6.25,480725
55.915294,-3.137119,UK,Edinburgh,418,87,699524,11.89,1240191
55.952484,-3.27821,UK,Edinburgh,130,28,719135,12,774910
55.959967,-3.287488,UK,Edinburgh,730,52,385548,5.43,540553
55.999152,-3.189852,UK,Edinburgh,777,22,511234,11.77,154587
55.994361,-3.262885,UK,Edinburgh,1037,57,922153,9.99,917423
55.973056,-3.141596,UK,Edinburgh,457,40,978903,5.85,837973
55.958444,-3.295555,UK,Edinburgh,2623,65,853254,6.67,1489577
55.994645,-3.147022,UK,Edinburgh,1914,37,391603,2.43,210560
55.934427,-3.271271,UK,Edinburgh,2256,8,62293,6.15,171413
55.949133,-3.279128,UK,Edinburgh,3535,71,405208,11.94,880358
55.963791,-3.254458,UK,Edinburgh,3986,71,171104,5.5,252808
55.916298,-3.185219,UK,Edinburgh,1788,31,266571,9.07,583793
55.951148,-3.27621,UK,Edinburgh,2735,17,724576,5.78,1478602
55.992949,-3.121135,UK,Edinburgh,4057,59,841151,10.37,173507
55.925729,-3.162985,UK,Edinburgh,1202,37,943401,10.74,895550
55.966437,-3.299058,UK,Edinburgh,4423,48,890667,2.25,655649
55.997258,-3.143556,UK,Edinburgh,3617,17,153049,9.79,1186152
55.973796,-3.205076,UK,Edinburgh,106,72,572634,11.77,1478637
55.977193,-3.116633,UK,Edinburgh,4667,7,460176,9.28,1137950
55.986559,-3.217947,UK,Edinburgh,4116,100,267620,5.11,1062430
55.949951,-3.179072,UK,Edinburgh,4247,15,432986,7.65,697309
55.955894,-3.11755,UK,Edinburgh,3955,66,385283,10.78,116610
55.933453,-3.18719,UK,Edinburgh,4377,65,413097,3.72,969891
55.900662,-3.135877,UK,Edinburgh,3117,22,518664,9.08,1208770
55.964422,-3.184605,UK,Edinburgh,3174,23,391062,10.37,1068000
55.959466,-3.202381,UK,Edinburgh,4425,75,489472,10.66,1141593
55.924167,-3.148507,UK,Edinburgh,719,44,963884,4.94,727624
55.977434,-3.298339,UK,Edinburgh,4391,54,11820,3.9,617134
55.904862,-3.267406,UK,Edinburgh,2431,63,482803,5.34,402365
55.910477,-3.274333,UK,Edinburgh,2518,5,149992,3.76,1391743
55.963187,-3.292368,UK,Edinburgh,4211,81,420099,7.68,1261172
55.996637,-3.103172,UK,Edinburgh,2879,13,63793,2.86,514166
55.967668,-3.222522,UK,Edinburgh,2111,27,622049,6.86,1420409
55.997708,-3.106261,UK,Edinburgh,816,78,593326,8.75,620188
55.978528,-3.171667,UK,Edinburgh,4368,82,880046,2.08,465672
55.988858,-3.19812,UK,Edinburgh,790,69,920727,3.29,1229414
55.914811,-3.245852,UK,Edinburgh,4838,54,904070,4.51,391957
55.997897,-3.130732,UK,Edinburgh,3160,41,618394,5.97,429572
55.917559,-3.228125,UK,Edinburgh,2776,28,762878,4.62,586119
55.996094,-3.240203,UK,Edinburgh,4253,52,477177,6.91,1344701
55.91658,-3.190146,UK,Edinburgh,2424,17,511619,10.54,421013
55.938459,-3.279688,UK,Edinburgh,3106,97,746091,5.16,55228
55.920552,-3.112766,UK,Edinburgh,3881,45,858241,5.05,786449
55.955981,-3.284288,UK,Edinburgh,2132,18,166148,10.55,397811
55.904826,-3.13374,UK,Edinburgh,3200,28,357727,6.15,981714
55.972641,-3.156157,UK,Edinburgh,4568,92,511402,6.19,1331449
55.921291,-3.298301,UK,Edinburgh,1843,19,916050,6.72,72244
55.930659,-3.215841,UK,Edinburgh,3946,9,575905,11.51,942879
55.961578,-3.112128,UK,Edinburgh,1479,51,433785,8.48,57215
55.980981,-3.212829,UK,Edinburgh,3641,52,816158,3.48,1335597
55.992509,-3.245007,UK,Edinburgh,438,52,639002,6.85,259600
55.943675,-3.198689,UK,Edinburgh,411,51,310532,9.96,1090861
52.431743,-1.786103,UK,Birmingham,3747,26,944941,7.1,229505
52.45141,-1.825547,UK,Birmingham,2722,41,658182,8.55,693851
52.584952,-1.928977,UK,Birmingham,2671,75,676072,6.85,679095
52.405925,-1.885921,UK,Birmingham,1709,68,94737,10.74,148367
52.481561,-1.942195,UK,Birmingham,1138,78,256751,5.67,756595
52.451835,-1.902179,UK,Birmingham,2933,79,735983,10.21,291479
52.453738,-1.937415,UK,Birmingham,176,85,685151,2.41,942719
52.464729,-1.755711,UK,Birmingham,3209,97,12442,10.57,872831
52.422493,-1.878024,UK,Birmingham,608,13,801791,9.37,968342
52.45952,-1.764512,UK,Birmingham,1440,30,222297,2.51,763169
52.55791,-1.803129,UK,Birmingham,3702,73,320737,10.43,682300
52.41636,-1.917694,UK,Birmingham,3569,31,873498,2.08,145603
52.550878,-1.771749,UK,Birmingham,2032,57,996291,8.96,171462
52.56514,-1.798528,UK,Birmingham,2544,16,300489,4.07,1398756
52.499315,-1.772727,UK,Birmingham,415,58,208075,6.26,1332940
52.585661,-1.785855,UK,Birmingham,3537,22,830606,4.6,932679
52.578922,-1.918016,UK,Birmingham,4701,29,324409,11.14,464735
52.433764,-1.774189,UK,Birmingham,692,13,597984,2.36,1072422
52.544441,-1.90506,UK,Birmingham,3651,87,706864,4.34,404752
52.548678,-1.782716,UK,Birmingham,4817,41,253152,9.84,469770
52.515785,-1.804743,UK,Birmingham,2244,100,782515,2.54,1247730
52.491844,-1.912283,UK,Birmingham,4639,71,581720,6.56,726598
52.561713,-1.776567,UK,Birmingham,2505,91,112540,9.38,191272
52.441754,-1.761312,UK,Birmingham,3291,42,761890,11.74,524748
52.516665,-1.929104,UK,Birmingham,2165,39,812354,2.86,108318
52.544202,-1.791279,UK,Birmingham,2791,7,167376,6.86,242932
52.451022,-1.935288,UK,Birmingham,1225,85,536216,3.1,911821
52.419036,-1.760453,UK,Birmingham,558,89,172398,5.01,550764
52.570445,-1.801329,UK,Birmingham,229,60,230124,9.74,993358
52.506185,-1.867802,UK,Birmingham,1855,77,69310,2.42,1343274
52.537463,-1.856727,UK,Birmingham,3539,75,125122,3.26,1250766
52.574632,-1.793116,UK,Birmingham,675,83,141236,2.99,656322
52.504964,-1.764459,UK,Birmingham,1046,93,648493,11.75,796865
52.460266,-1.926429,UK,Birmingham,1050,80,284458,8.39,615288
52.568824,-1.81035,UK,Birmingham,1018,28,874488,8.64,1492906
52.499617,-1.943355,UK,Birmingham,4242,16,810271,3.3,454643
52.599457,-1.881808,UK,Birmingham,3909,68,457957,7.01,490459
52.589316,-1.764244,UK,Birmingham,3167,26,635136,11.23,1168953
52.450701,-1.850833,UK,Birmingham,2318,99,90269,9.56,398243
52.51932,-1.850428,UK,Birmingham,2696,21,511296,2.6,1361687
52.581612,-1.843662,UK,Birmingham,1026,94,380533,6.72,648485
52.526964,-1.794244,UK,Birmingham,2248,58,479605,3.68,1440321
52.525733,-1.940072,UK,Birmingham,827,36,985897,10.62,603559
52.448681,-1.821118,UK,Birmingham,2422,46,615576,4.12,1125936
52.595737,-1.78238,UK,Birmingham,1265,95,384971,10.87,497281
52.400904,-1.942974,UK,Birmingham,4130,13,249434,4.74,1488607
52.58991,-1.770265,UK,Birmingham,1327,9,209313,3.65,1107475
52.470158,-1.93756,UK,Birmingham,1505,21,6494,8.98,1150834
52.447783,-1.86749,UK,Birmingham,1470,83,608272,4.97,1023073
52.496389,-1.909764,UK,Birmingham,2612,31,551500,9.92,1131670
52.515361,-1.933415,UK,Birmingham,2219,100,677669,8.92,1442258
52.402236,-1.862718,UK,Birmingham,2742,18,570129,8.95,573174
52.584234,-1.779299,UK,Birmingham,1850,12,430361,10.07,1125081
52.530325,-1.838756,UK,Birmingham,2970,90,798825,4.46,209899
52.471863,-1.836515,UK,Birmingham,2374,63,396763,10.26,232572
52.514929,-1.917532,UK,Birmingham,3404,21,660465,3.93,1239914
52.412278,-1.91281,UK,Birmingham,3062,40,219353,8.86,804051
52.523343,-1.866841,UK,Birmingham,1742,19,616960,11.22,790761
52.408682,-1.941638,UK,Birmingham,3348,66,711961,7.23,587532
52.590453,-1.805936,UK,Birmingham,390,23,188341,9.89,51698
52.5882,-1.812497,UK,Birmingham,1818,68,864204,8.61,1116393
52.400227,-1.880848,UK,Birmingham,4953,67,485254,6.9,676017
52.510746,-1.938427,UK,Birmingham,257,90,578658,6.01,540933
52.593603,-1.940037,UK,Birmingham,1182,58,11937,7.03,1040951
52.557706,-1.794936,UK,Birmingham,144,92,145054,4.63,421789
52.471375,-1.804995,UK,Birmingham,4439,69,86905,10.08,623918
52.400411,-1.89825,UK,Birmingham,3076,71,715644,6.45,1347262
52.528563,-1.865627,UK,Birmingham,2428,60,887377,6.71,970251
52.463922,-1.785648,UK,Birmingham,889,46,247861,10.81,95642
52.458309,-1.796056,UK,Birmingham,2609,95,457480,2.88,927815
52.450571,-1.789398,UK,Birmingham,596,48,973936,9.38,1281159
52.421994,-1.797703,UK,Birmingham,1766,77,506431,7.79,99449
52.418918,-1.784673,UK,Birmingham,4608,95,331936,6.33,1186000
52.47051,-1.922074,UK,Birmingham,3822,78,949510,11.32,750208
52.458873,-1.894981,UK,Birmingham,2425,72,122231,9.62,346064
52.491671,-1.867876,UK,Birmingham,376,23,87283,9.07,996627
52.472705,-1.892674,UK,Birmingham,1389,81,230814,5.38,1119058
52.401151,-1.901386,UK,Birmingham,2095,12,290057,9.86,587215
52.497823,-1.786408,UK,Birmingham,2853,25,925823,2.55,138244
52.537155,-1.915853,UK,Birmingham,4970,52,851283,3.43,214116
52.46296,-1.765287,UK,Birmingham,476,32,585602,3.89,388341
52.504867,-1.815285,UK,Birmingham,3871,7,211857,7.51,149019
52.411333,-1.835535,UK,Birmingham,1483,14,586782,4.74,445124
52.422105,-1.893622,UK,Birmingham,3263,95,100288,9.73,384539
52.499691,-1.750149,UK,Birmingham,1788,21,961928,7.77,579179
52.42265,-1.931392,UK,Birmingham,1147,19,644962,9.97,278865
52.517089,-1.760143,UK,Birmingham,2549,13,394597,4.36,852330
52.462708,-1.766823,UK,Birmingham,1029,75,216144,5.95,1404457
52.597817,-1.908655,UK,Birmingham,367,84,647359,10.64,203184
52.544072,-1.815469,UK,Birmingham,3967,63,939878,8.36,527776
52.50494,-1.861287,UK,Birmingham,3012,59,411632,10.46,1298091
52.504177,-1.895097,UK,Birmingham,4771,7,705128,10.42,1187238
52.427425,-1.908008,UK,Birmingham,4715,29,711009,5.04,856979
52.43242,-1.801687,UK,Birmingham,4157,90,93280,2.74,804918
52.436574,-1.811989,UK,Birmingham,4795,34,782375,9.63,247418
52.545303,-1.926164,UK,Birmingham,1321,18,66448,8.2,1099057
52.585346,-1.875532,UK,Birmingham,3921,32,265396,9.08,89161
52.465166,-1.850362,UK,Birmingham,3925,38,46667,4.48,913511
52.56976,-1.784349,UK,Birmingham,2403,11,327463,11.7,1426715
52.407875,-1.799236,UK,Birmingham,3964,64,678441,4.3,232700
52.510924,13.450611,Germany,Berlin,1370,78,998080,8.41,1148758
52.450561,13.495827,Germany,Berlin,1784,14,424121,6.57,606981
52.497477,13.419733,Germany,Berlin,3180,41,501691,9.16,751139
52.484117,13.39474,Germany,Berlin,1968,98,533337,5.37,1362536
52.544983,13.36261,Germany,Berlin,4245,87,460205,9.72,657318
52.508991,13.396131,Germany,Berlin,2272,77,756428,6.3,598115
52.521124,13.357673,Germany,Berlin,2908,73,645360,3.25,967768
52.520316,13.418286,Germany,Berlin,255,51,339011,9.54,256311
52.524715,13.373438,Germany,Berlin,196,14,272433,2.17,1493941
52.492978,13.396506,Germany,Berlin,119,46,519386,9.28,1390654
52.539541,13.493438,Germany,Berlin,1909,71,640038,11.86,1394515
52.473487,13.433062,Germany,Berlin,4810,100,911657,3.84,485597
52.534461,13.458017,Germany,Berlin,4576,40,25957,7.46,927722
52.510278,13.444514,Germany,Berlin,3932,54,623687,4.86,348867
52.485073,13.372497,Germany,Berlin,517,39,837202,10.97,243850
52.533885,13.437676,Germany,Berlin,4862,87,245717,3.78,438701
52.548017,13.387011,Germany,Berlin,4666,30,679992,11.4,1089363
52.499235,13.423828,Germany,Berlin,3612,85,985053,8.33,624513
52.538828,13.352577,Germany,Berlin,924,77,859350,2.69,172323
52.479072,13.426392,Germany,Berlin,4642,44,759628,6.02,477506
52.545618,13.496991,Germany,Berlin,3034,85,808584,2.19,332741
52.503029,13.353034,Germany,Berlin,4848,67,102882,8.32,207755
52.504346,13.41995,Germany,Berlin,4409,61,648397,7.57,293277
52.525055,13.475331,Germany,Berlin,3027,94,918906,9.72,593853
52.478472,13.363242,Germany,Berlin,4280,24,962335,2.83,347243
52.504026,13.385674,Germany,Berlin,351,92,885678,10.6,1122653
52.528236,13.357259,Germany,Berlin,696,91,615366,2.93,645742
52.476971,13.489704,Germany,Berlin,543,96,632247,6.73,1450916
52.489678,13.429575,Germany,Berlin,2797,86,645111,9,1489884
52.515555,13.436677,Germany,Berlin,3957,48,169708,5.8,225650
52.463983,13.415632,Germany,Berlin,250,28,674086,8.55,701918
52.513651,13.402106,Germany,Berlin,862,61,195106,2.45,676795
52.474986,13.469708,Germany,Berlin,4416,81,670140,8.68,733836
52.499999,13.386038,Germany,Berlin,4711,77,417782,2.49,283660
52.499133,13.377426,Germany,Berlin,1018,20,188136,9.98,1498028
52.470105,13.456155,Germany,Berlin,3235,76,933230,7.36,543673
52.484093,13.451132,Germany,Berlin,2029,36,133083,6.99,1466688
52.492703,13.420562,Germany,Berlin,1864,86,736115,11.63,1464532
52.495431,13.362191,Germany,Berlin,4786,78,34002,9.71,903228
52.545401,13.385864,Germany,Berlin,2952,34,429567,7.41,1019584
52.521951,13.393489,Germany,Berlin,3953,74,676185,2.81,798019
52.451874,13.418089,Germany,Berlin,1761,23,826207,3.78,1393519
52.525976,13.474789,Germany,Berlin,544,94,908258,4.89,876019
52.456384,13.448565,Germany,Berlin,1341,19,515475,3.44,273095
52.494164,13.434712,Germany,Berlin,3220,18,37427,7.48,920466
52.510858,13.431608,Germany,Berlin,2405,34,247429,5.55,789967
52.468994,13.403399,Germany,Berlin,229,29,673800,8.89,1148057
52.472263,13.409397,Germany,Berlin,1204,60,723786,4.84,1188970
52.543594,13.417292,Germany,Berlin,4121,53,134464,8.85,72006
52.507457,13.351473,Germany,Berlin,4264,79,493463,2.57,367606
52.493534,13.395604,Germany,Berlin,4493,10,917060,8.66,643038
52.518888,13.461906,Germany,Berlin,706,42,59836,5.3,564714
52.456899,13.48852,Germany,Berlin,4972,89,191910,3.84,1332845
52.481009,13.454369,Germany,Berlin,2711,38,302937,3.52,912195
52.471097,13.44165,Germany,Berlin,4859,10,987532,9.6,775321
52.530961,13.418205,Germany,Berlin,2834,63,222396,10.01,1129365
52.547693,13.48515,Germany,Berlin,3021,10,406352,11.92,1357994
52.467958,13.479882,Germany,Berlin,1856,85,342092,9.21,493086
52.489293,13.441011,Germany,Berlin,1735,100,629877,4.38,484426
52.522337,13.403467,Germany,Berlin,4116,56,53264,7.71,719536
52.486646,13.455712,Germany,Berlin,2505,75,586768,8.9,1047677
52.460905,13.419256,Germany,Berlin,2514,36,661276,4.79,613336
52.519282,13.360666,Germany,Berlin,2935,43,671925,11.46,289834
52.492542,13.432316,Germany,Berlin,1818,65,988342,2.1,70107
52.493677,13.418044,Germany,Berlin,3923,87,306653,7.75,681996
52.483269,13.471394,Germany,Berlin,1494,83,872376,10.58,386820
52.508808,13.354749,Germany,Berlin,2467,58,694893,3.13,742048
52.544771,13.464779,Germany,Berlin,1859,89,553414,2.85,1207370
52.452034,13.406369,Germany,Berlin,3097,10,123489,8.25,1030956
52.524334,13.35459,Germany,Berlin,3546,58,990340,8.25,1212843
52.531608,13.49955,Germany,Berlin,2198,7,776905,4.49,1479399
52.466074,13.415964,Germany,Berlin,4972,22,510656,5.74,917883
52.544384,13.454787,Germany,Berlin,3449,40,45788,7.83,80643
52.475464,13.482738,Germany,Berlin,1534,32,369632,6.14,1393282
52.498993,13.456305,Germany,Berlin,505,100,295546,8.01,386233
52.507689,13.42617,Germany,Berlin,949,99,904508,11.39,1494046
52.505146,13.443148,Germany,Berlin,221,80,116485,6.42,220339
52.539117,13.410807,Germany,Berlin,4854,35,372436,7.78,604530
52.526738,13.483201,Germany,Berlin,4706,45,358487,4.6,64127
52.473949,13.403748,Germany,Berlin,3067,80,87107,8.7,411878
52.49097,13.437925,Germany,Berlin,4884,43,673383,11.94,847575
52.516459,13.420012,Germany,Berlin,4285,24,407634,10.3,763759
52.478418,13.372316,Germany,Berlin,1349,93,180744,11.68,474536
52.487953,13.457792,Germany,Berlin,1014,79,853284,7.64,1302158
52.487359,13.448869,Germany,Berlin,690,38,352627,5.03,1224539
52.514894,13.457894,Germany,Berlin,2938,95,816626,8.44,1190095
52.534525,13.417341,Germany,Berlin,612,10,826240,8.13,1029974
52.542758,13.461263,Germany,Berlin,452,77,273238,7.31,145301
52.466001,13.444657,Germany,Berlin,132,83,868349,5.47,1492004
52.540656,13.461106,Germany,Berlin,2680,6,764866,10.4,853940
52.536905,13.443579,Germany,Berlin,4942,43,929130,7.95,990894
52.547749,13.459342,Germany,Berlin,1797,8,836498,5.57,362850
52.504843,13.435462,Germany,Berlin,3897,90,807325,5.19,771605
52.52396,13.364909,Germany,Berlin,1444,46,77314,4.58,1468165
52.516761,13.41993,Germany,Berlin,3909,13,122018,6.36,1471453
52.463822,13.495369,Germany,Berlin,300,11,327427,5.3,459983
52.510081,13.400507,Germany,Berlin,779,44,547462,4.47,598886
52.473999,13.433124,Germany,Berlin,3279,93,688641,3.05,131734
52.479213,13.350111,Germany,Berlin,2436,51,700160,5.36,722233
52.494801,13.467628,Germany,Berlin,3273,35,742599,7.6,1464595
48.119884,11.597895,Germany,Munich,4374,8,641279,11.88,533973
48.183134,11.560764,Germany,Munich,870,81,829009,8.53,716108
48.104444,11.540633,Germany,Munich,1060,49,456639,2.39,941059
48.119789,11.628031,Germany,Munich,2417,67,163360,7.5,240675
48.10311,11.579402,Germany,Munich,2422,96,548727,8.59,764693
48.163586,11.595308,Germany,Munich,438,65,636390,8.72,860705
48.154147,11.594247,Germany,Munich,255,5,181958,6.05,648330
48.178201,11.610356,Germany,Munich,1751,54,458122,2.84,1184919
48.133342,11.515054,Germany,Munich,1455,48,868064,6.4,642923
48.14544,11.65799,Germany,Munich,3023,13,66779,2.72,890369
48.11315,11.619154,Germany,Munich,4771,32,322809,4.91,197528
48.153866,11.506256,Germany,Munich,2258,80,348217,10.01,1028045
48.175145,11.544735,Germany,Munich,4073,23,731955,5.21,1047046
48.144276,11.684172,Germany,Munich,2616,64,629030,8.21,840972
48.164714,11.605124,Germany,Munich,1080,48,561047,4.4,160888
48.10116,11.681779,Germany,Munich,2616,6,79457,10.41,1335092
48.196131,11.597053,Germany,Munich,359,70,909341,2.06,883206
48.106007,11.608417,Germany,Munich,3706,26,881197,2.19,566440
48.134781,11.661502,Germany,Munich,1061,96,624954,10.49,1090859
48.108984,11.509018,Germany,Munich,1200,9,106028,8.48,930654
48.166533,11.650214,Germany,Munich,1284,74,858472,9.69,1103880
48.108007,11.666074,Germany,Munich,2402,29,154143,7.26,223161
48.135817,11.63814,Germany,Munich,1837,7,474907,11.21,868241
48.104236,11.610321,Germany,Munich,489,59,604355,4.81,1445102
48.124823,11.676345,Germany,Munich,4336,33,247942,2.37,664724
48.110717,11.659499,Germany,Munich,4930,97,899860,2.85,208643
48.165638,11.569229,Germany,Munich,675,29,792903,8.01,494832
48.150436,11.67526,Germany,Munich,964,7,298202,3.76,1255448
48.111051,11.571306,Germany,Munich,4398,15,101207,10.62,704743
48.171497,11.669053,Germany,Munich,4456,30,729839,5.62,514028
48.146918,11.606186,Germany,Munich,3789,86,593343,10.36,249365
48.191322,11.655848,Germany,Munich,1064,37,578615,11.11,363009
48.152689,11.547252,Germany,Munich,4267,57,291535,2.73,907655
48.15497,11.647805,Germany,Munich,1270,80,194025,8.42,591265
48.150173,11.500536,Germany,Munich,1162,44,818598,10.17,1456266
48.170436,11.600249,Germany,Munich,1952,75,49872,11.43,75353
48.198786,11.602142,Germany,Munich,2710,50,359910,2.13,1416725
48.166018,11.659428,Germany,Munich,1434,19,364557,7.29,88737
48.161797,11.678113,Germany,Munich,370,10,771737,2.44,626855
48.19512,11.593211,Germany,Munich,460,7,488476,5.99,95815
48.174712,11.510213,Germany,Munich,3570,91,142367,10.72,238927
48.157957,11.565491,Germany,Munich,3955,40,677330,5,977816
48.170091,11.541075,Germany,Munich,2766,90,858272,3.06,516056
48.193727,11.616123,Germany,Munich,809,40,606798,4.12,836952
48.100392,11.548531,Germany,Munich,413,91,462762,5.86,85138
48.137033,11.589956,Germany,Munich,2531,93,787708,11.9,904717
48.172376,11.572534,Germany,Munich,2111,61,263824,5.44,1021021
48.156638,11.62372,Germany,Munich,2562,23,904460,3.03,871986
48.165362,11.647491,Germany,Munich,1527,18,154802,11.58,106660
48.16901,11.505485,Germany,Munich,4157,43,743172,6.96,444853
48.177044,11.679537,Germany,Munich,987,14,202999,7.74,1225300
48.165022,11.677648,Germany,Munich,3070,54,885098,8.2,406234
48.158962,11.581792,Germany,Munich,2287,20,131747,10.51,531173
48.19125,11.616483,Germany,Munich,3784,8,40287,9.44,512788
48.17729,11.540919,Germany,Munich,1919,22,167636,4.01,549334
48.16566,11.571448,Germany,Munich,3971,5,374703,11.63,1041352
48.198531,11.657157,Germany,Munich,3193,39,355648,7.18,1378544
48.131854,11.678825,Germany,Munich,4702,30,269721,8.02,515080
48.112696,11.540906,Germany,Munich,3520,95,731160,6.42,75353
48.169534,11.650346,Germany,Munich,4920,87,291790,7.44,1115104
48.154729,11.68178,Germany,Munich,1393,83,408602,4.58,1288683
48.141081,11.64688,Germany,Munich,280,15,894142,8.83,909979
48.146597,11.501938,Germany,Munich,4059,95,399457,8.57,1234024
48.104008,11.65611,Germany,Munich,1957,41,628615,11.57,250811
48.118242,11.648905,Germany,Munich,4630,86,466341,11.29,588494
48.147288,11.656428,Germany,Munich,4965,43,803396,4.1,673591
48.188174,11.685949,Germany,Munich,3088,85,228809,10.03,1366028
48.175599,11.651041,Germany,Munich,378,39,484486,4.33,943712
48.18626,11.571933,Germany,Munich,3296,30,925068,9.56,786994
48.180764,11.633094,Germany,Munich,3524,44,148464,11.92,1224762
48.179183,11.694846,Germany,Munich,3018,8,628783,3.94,884510
48.104525,11.574002,Germany,Munich,2898,98,534635,6.87,341689
48.170831,11.637854,Germany,Munich,3662,90,603267,8.82,150477
48.190287,11.632341,Germany,Munich,3561,87,345147,6.87,1159283
48.164577,11.540614,Germany,Munich,4407,43,273791,10.64,249969
48.129589,11.601295,Germany,Munich,2324,73,581007,8.92,189522
48.159161,11.516925,Germany,Munich,131,39,763721,12,726659
48.108271,11.583582,Germany,Munich,2768,31,165842,2.33,824034
48.118435,11.590534,Germany,Munich,3729,47,752446,2.27,801064
48.17332,11.513371,Germany,Munich,4335,7,195197,6.24,1195191
48.171445,11.579777,Germany,Munich,663,71,334026,11.13,695050
48.199618,11.558746,Germany,Munich,3733,63,379505,11.29,825968
48.178331,11.613481,Germany,Munich,4041,93,835266,5.22,143639
48.192442,11.655261,Germany,Munich,479,5,148643,5.54,106165
48.117739,11.5886,Germany,Munich,4203,86,233433,8.01,1411052
48.128815,11.529532,Germany,Munich,1599,18,508654,6.22,1097531
48.117697,11.544172,Germany,Munich,3790,84,719630,7.48,251872
48.128875,11.540829,Germany,Munich,3565,55,433570,5.93,1327680
48.137819,11.555965,Germany,Munich,3378,5,8741,2.82,307316
48.153471,11.643446,Germany,Munich,1932,94,116280,9.29,723076
48.160885,11.528594,Germany,Munich,362,28,339547,10.85,859806
48.110807,11.599482,Germany,Munich,2838,44,456171,10.83,577802
48.19527,11.572517,Germany,Munich,2178,49,577530,11.88,651216
48.138211,11.611067,Germany,Munich,3017,16,255275,5.91,1222864
48.126112,11.609802,Germany,Munich,4794,74,292390,5.39,1043774
48.197052,11.510884,Germany,Munich,4091,36,905459,9.85,715593
48.142151,11.660565,Germany,Munich,4226,59,305778,11.8,697905
48.185564,11.653401,Germany,Munich,2883,20,204814,5.53,748580
48.1732,11.501264,Germany,Munich,307,64,438823,9.43,126543
48.185713,11.578486,Germany,Munich,3183,74,894167,3.63,1075254
53.587744,9.989247,Germany,Hamburg,304,45,821410,8.54,1025540
53.501452,10.02146,Germany,Hamburg,1946,6,234176,7.95,716299
53.517738,9.927384,Germany,Hamburg,480,76,774920,10.37,1271982
53.583241,9.972933,Germany,Hamburg,1978,41,970343,2.63,1003188
53.56526,10.040676,Germany,Hamburg,1385,95,394570,11.45,1350584
53.583653,10.063991,Germany,Hamburg,1433,82,44378,10.69,1243666
53.512744,10.063475,Germany,Hamburg,1373,16,729231,9,1450238
53.561308,9.914721,Germany,Hamburg,2795,93,7011,2.27,1041238
53.501102,10.007335,Germany,Hamburg,4112,10,987465,10.55,1402916
53.571063,9.998448,Germany,Hamburg,2448,25,883091,3.27,213389
53.573028,10.026894,Germany,Hamburg,2661,19,700683,4.16,301222
53.570699,9.932816,Germany,Hamburg,736,84,372087,9.32,1365681
53.599347,9.921328,Germany,Hamburg,1874,94,618756,5.44,898069
53.501117,10.049006,Germany,Hamburg,2924,81,352385,10.78,659815
53.580837,9.982784,Germany,Hamburg,2881,29,30991,11.21,1149008
53.540214,9.995337,Germany,Hamburg,3526,67,244091,5.09,290246
53.573702,10.085223,Germany,Hamburg,311,53,75468,3.22,999074
53.548459,10.031491,Germany,Hamburg,966,96,836811,8.52,1119211
53.596543,10.052004,Germany,Hamburg,4949,41,291815,7.7,1055693
53.544059,10.079807,Germany,Hamburg,2680,95,785050,9.25,1028915
53.555254,10.012522,Germany,Hamburg,641,75,470075,3.89,187684
53.575735,9.979607,Germany,Hamburg,1354,63,665725,4.87,904349
53.543665,9.960592,Germany,Hamburg,4542,77,229878,5.01,532883
53.585747,9.98672,Germany,Hamburg,528,95,197999,8.96,517302
53.513875,9.980433,Germany,Hamburg,2673,40,523519,5.17,80599
53.506182,10.010834,Germany,Hamburg,1075,86,418935,2.77,1442319
53.528042,9.917372,Germany,Hamburg,885,85,337147,11.49,1306591
53.547679,9.967456,Germany,Hamburg,2910,77,622521,7.72,1299937
53.56433,9.906132,Germany,Hamburg,864,26,297079,9.82,1319529
53.527605,10.045612,Germany,Hamburg,180,84,530201,9.98,1130317
53.599458,9.995993,Germany,Hamburg,4942,56,486271,5.85,860029
53.554798,9.922997,Germany,Hamburg,685,59,485324,6.49,1481410
53.5292,10.053989,Germany,Hamburg,4803,80,818564,2.83,866784
53.538794,10.090328,Germany,Hamburg,4099,83,345587,4.29,336071
53.520678,10.055274,Germany,Hamburg,3500,91,722531,5.55,853304
53.51761,10.062894,Germany,Hamburg,3958,38,468334,11.74,99907
53.51541,10.061557,Germany,Hamburg,2313,66,978252,6.22,281975
53.5112,9.914755,Germany,Hamburg,554,73,558183,11.13,967094
53.550538,9.939355,Germany,Hamburg,125,35,503057,10.49,629189
53.570427,9.977078,Germany,Hamburg,1207,11,213503,8.08,554118
53.598194,9.926474,Germany,Hamburg,256,46,305017,5.74,1218813
53.579924,9.917473,Germany,Hamburg,2352,6,850086,2.33,1170994
53.580102,10.02395,Germany,Hamburg,2926,20,619309,5.17,518366
53.565584,9.998099,Germany,Hamburg,2495,50,228522,7.76,1206880
53.553906,10.080303,Germany,Hamburg,1726,23,361667,10.79,775496
53.511327,10.05282,Germany,Hamburg,889,83,62508,4.06,813953
53.553939,9.92649,Germany,Hamburg,2182,20,689182,6.5,692610
53.573706,10.039812,Germany,Hamburg,4869,77,295773,5.08,323478
53.591077,10.070411,Germany,Hamburg,4437,44,356017,9.58,1269124
53.578511,9.933358,Germany,Hamburg,4491,55,546512,5.26,1010776
53.565747,9.972949,Germany,Hamburg,4323,60,265220,9.01,1186910
53.533968,10.025616,Germany,Hamburg,4546,5,269661,2.95,248283
53.580636,10.078663,Germany,Hamburg,4439,97,867047,9.52,176462
53.54692,9.991258,Germany,Hamburg,3869,76,29302,4.76,907312
53.551623,10.016599,Germany,Hamburg,2767,27,110677,3.62,462807
53.500247,9.947502,Germany,Hamburg,3402,83,856972,11.06,1021111
53.527747,10.062963,Germany,Hamburg,185,23,47433,2.81,498934
53.507019,10.052518,Germany,Hamburg,3378,80,929513,8.28,208498
53.529172,9.906282,Germany,Hamburg,4512,36,100331,9.7,370941
53.583375,10.063891,Germany,Hamburg,1841,75,537782,3.19,903161
53.570107,10.063335,Germany,Hamburg,2499,46,978966,7.1,417549
53.503385,10.093822,Germany,Hamburg,483,15,464065,11.63,561732
53.574035,9.904736,Germany,Hamburg,4915,30,839036,10.77,430162
53.573646,10.087656,Germany,Hamburg,1090,11,329042,7.2,108922
53.555769,9.931723,Germany,Hamburg,926,52,171385,11.17,823206
53.527119,9.916179,Germany,Hamburg,2826,45,836161,9.62,1487256
53.508758,9.925625,Germany,Hamburg,2752,74,561400,8.83,1469857
53.513758,10.098629,Germany,Hamburg,2096,26,231377,9.1,309545
53.592458,10.005699,Germany,Hamburg,119,92,669876,2.78,174181
53.586515,10.026195,Germany,Hamburg,3853,63,172454,10.36,499267
53.595782,9.938373,Germany,Hamburg,3423,71,643450,8,1070116
53.584333,10.033633,Germany,Hamburg,3641,82,463882,9.52,867799
53.551573,9.940901,Germany,Hamburg,4429,59,591503,8.5,299402
53.525689,9.915279,Germany,Hamburg,3331,20,817450,10.73,1456256
53.597024,9.902452,Germany,Hamburg,2113,66,680672,9.65,545140
53.548519,10.095504,Germany,Hamburg,4035,5,183164,3.39,1447135
53.548283,9.920636,Germany,Hamburg,3124,85,768064,7.17,641124
53.515392,9.927671,Germany,Hamburg,3116,50,31007,8.6,572897
53.580423,9.911226,Germany,Hamburg,1448,85,819945,4.71,839448
53.553328,10.082235,Germany,Hamburg,2960,86,794796,5.22,122118
53.57985,9.994423,Germany,Hamburg,922,20,894207,11.53,1265483
53.501767,10.050601,Germany,Hamburg,124,96,473576,2.98,959050
53.529047,10.093213,Germany,Hamburg,1959,73,453718,4.78,503389
53.584875,10.070417,Germany,Hamburg,2031,53,942761,4.98,680378
53.535251,9.969791,Germany,Hamburg,417,16,79854,10.26,1122389
53.533431,10.093678,Germany,Hamburg,2317,98,860195,6.6,210914
53.5872,9.997419,Germany,Hamburg,1912,20,537110,2.7,1324866
53.598209,10.066393,Germany,Hamburg,3205,22,39197,8.59,1082312
53.578706,10.056394,Germany,Hamburg,1829,47,655328,3.6,623808
53.564834,10.025348,Germany,Hamburg,1655,9,86302,3.43,499655
53.528622,10.075484,Germany,Hamburg,801,18,671387,8.76,1381125
53.575751,9.921871,Germany,Hamburg,3556,53,746340,9.54,1159648
53.576345,9.906196,Germany,Hamburg,2630,63,132341,4.93,872781
53.566808,10.099138,Germany,Hamburg,1271,46,688810,4.61,1305249
53.581057,9.982295,Germany,Hamburg,2113,15,962754,8.09,863509
53.508045,9.995041,Germany,Hamburg,3959,66,60331,8.86,74668
53.589428,9.904815,Germany,Hamburg,3637,77,438847,6.83,558624
53.564392,9.920177,Germany,Hamburg,3325,79,682552,5.9,1324116
53.506693,10.039385,Germany,Hamburg,3894,71,266906,6.25,1236194
53.561671,9.942379,Germany,Hamburg,917,66,311542,9.81,866275
50.064187,8.743428,Germany,Frankfurt,2713,81,927833,4.3,459137
50.141244,8.753857,Germany,Frankfurt,3890,26,801228,8.76,954756
50.060264,8.738674,Germany,Frankfurt,2578,20,808384,4.27,383949
50.059618,8.658091,Germany,Frankfurt,2722,91,25826,6.42,1409190
50.097389,8.61407,Germany,Frankfurt,1997,63,450879,11.36,1480132
50.093825,8.635941,Germany,Frankfurt,4225,49,792967,8.54,600906
50.149937,8.709404,Germany,Frankfurt,2897,35,882559,5.15,318845
50.104628,8.684278,Germany,Frankfurt,305,99,360676,8.72,1482882
50.069441,8.786275,Germany,Frankfurt,1882,19,952604,5.58,1258931
50.133671,8.790415,Germany,Frankfurt,1636,50,279995,4.7,1166886
50.11485,8.605807,Germany,Frankfurt,4814,76,689231,4.3,535939
50.050176,8.637711,Germany,Frankfurt,1948,19,738008,10.96,1029199
50.101066,8.7729,Germany,Frankfurt,2559,36,372131,4.15,264363
50.097543,8.616436,Germany,Frankfurt,1025,60,955549,5.39,1396874
50.11892,8.619648,Germany,Frankfurt,4052,32,42024,10.64,1208242
50.106315,8.719888,Germany,Frankfurt,2685,8,451644,9.33,411821
50.114842,8.704768,Germany,Frankfurt,2217,16,547601,7.68,168684
50.103945,8.62541,Germany,Frankfurt,114,48,940583,6.1,845729
50.09611,8.688916,Germany,Frankfurt,1998,83,501839,4.28,898052
50.146217,8.679199,Germany,Frankfurt,3828,31,668289,4.72,1088898
50.075502,8.620418,Germany,Frankfurt,488,62,639909,2.7,526998
50.132235,8.647807,Germany,Frankfurt,1415,34,607399,9.97,512051
50.099676,8.708524,Germany,Frankfurt,4010,24,560013,2.22,1122496
50.124492,8.727117,Germany,Frankfurt,227,79,232082,9.48,815310
50.062784,8.670479,Germany,Frankfurt,2375,41,180717,6.33,328639
50.069041,8.691113,Germany,Frankfurt,1370,53,904159,3.11,857767
50.055265,8.655285,Germany,Frankfurt,2424,86,538367,8.76,1249762
50.143479,8.616114,Germany,Frankfurt,4473,54,670614,11.39,1071831
50.107507,8.682359,Germany,Frankfurt,313,80,528298,9.24,1337937
50.131584,8.691713,Germany,Frankfurt,2339,57,738101,10,246214
50.139453,8.653841,Germany,Frankfurt,2598,92,175913,11.53,230669
50.120046,8.750978,Germany,Frankfurt,3389,62,734968,10.45,1107915
50.112928,8.628837,Germany,Frankfurt,666,44,313942,9.65,1026452
50.115117,8.711887,Germany,Frankfurt,3890,81,151976,10.18,1481885
50.126943,8.752663,Germany,Frankfurt,422,22,430853,6.83,1094588
50.133442,8.735434,Germany,Frankfurt,4902,65,505842,7.98,495417
50.091268,8.739913,Germany,Frankfurt,128,73,652162,10.3,889686
50.12779,8.679478,Germany,Frankfurt,592,56,539326,7.43,496988
50.106023,8.754155,Germany,Frankfurt,4317,90,558638,8.76,791160
50.145709,8.6017,Germany,Frankfurt,2124,27,625515,8.71,1430492
50.119512,8.793877,Germany,Frankfurt,1535,57,8156,3.96,426867
50.134369,8.613556,Germany,Frankfurt,4225,49,982658,6.92,1129170
50.125274,8.685426,Germany,Frankfurt,547,87,979453,2.66,1175558
50.112154,8.722278,Germany,Frankfurt,4875,92,799763,8.11,590148
50.113668,8.650573,Germany,Frankfurt,2122,60,596534,3.68,733067
50.117381,8.768724,Germany,Frankfurt,3171,63,53105,11.99,94577
50.05265,8.659675,Germany,Frankfurt,979,81,734249,8.82,1183859
50.102103,8.705092,Germany,Frankfurt,3651,95,576407,8.09,182415
50.133397,8.742841,Germany,Frankfurt,541,76,666119,7.85,712888
50.08059,8.676905,Germany,Frankfurt,2999,27,864302,11.44,1445151
50.078554,8.756572,Germany,Frankfurt,4351,81,642299,11.68,385862
50.105199,8.685714,Germany,Frankfurt,4280,7,780740,11.11,738000
50.065178,8.641664,Germany,Frankfurt,3981,68,437666,5.63,1160275
50.059737,8.665781,Germany,Frankfurt,2585,29,736393,3.85,511814
50.081108,8.686871,Germany,Frankfurt,3609,100,974782,10.8,351180
50.071283,8.660648,Germany,Frankfurt,3284,62,19493,4.24,409158
50.082322,8.629611,Germany,Frankfurt,1669,70,903755,10.04,823394
50.0677,8.643848,Germany,Frankfurt,212,78,539631,5.84,501121
50.118181,8.733186,Germany,Frankfurt,3021,35,56309,9.43,310544
50.065393,8.638677,Germany,Frankfurt,4663,41,540989,2.3,280576
50.076139,8.630607,Germany,Frankfurt,4921,38,391103,10.82,230092
50.116385,8.778982,Germany,Frankfurt,3794,54,953428,5.82,255183
50.121972,8.699289,Germany,Frankfurt,1770,81,598793,7.94,1106959
50.054624,8.703752,Germany,Frankfurt,395,96,165930,2.62,404871
50.126575,8.620677,Germany,Frankfurt,3624,46,343856,4.32,1137381
50.065916,8.603784,Germany,Frankfurt,2830,49,257543,2.44,154438
50.068181,8.666547,Germany,Frankfurt,3341,79,650706,7.55,1014351
50.137361,8.646229,Germany,Frankfurt,1362,99,965441,4.03,1120848
50.104875,8.696914,Germany,Frankfurt,3881,64,836745,7.2,1263730
50.063971,8.641917,Germany,Frankfurt,1626,8,2791,8.46,76739
50.084776,8.708841,Germany,Frankfurt,1695,85,794548,6.82,1300752
50.096811,8.60883,Germany,Frankfurt,1589,27,952560,11.46,121836
50.12268,8.649614,Germany,Frankfurt,1962,41,341339,6.64,938201
50.11976,8.684153,Germany,Frankfurt,4539,88,183993,9.75,414401
50.110925,8.668804,Germany,Frankfurt,2999,67,809711,6.52,1002969
50.062779,8.791755,Germany,Frankfurt,958,93,577760,8.78,685924
50.121499,8.752787,Germany,Frankfurt,2661,7,456577,10.64,454749
50.074574,8.679929,Germany,Frankfurt,3260,44,664440,8.61,254531
50.082684,8.670238,Germany,Frankfurt,1271,65,35871,6.75,1243173
50.079149,8.798467,Germany,Frankfurt,2982,100,460368,11.38,668566
50.058582,8.689006,Germany,Frankfurt,502,76,325089,3.16,866843
50.07333,8.606359,Germany,Frankfurt,1598,69,931553,10.84,629175
50.108942,8.615588,Germany,Frankfurt,2747,78,735277,8.43,240129
50.05169,8.702296,Germany,Frankfurt,2711,65,221782,5.53,184173
50.058481,8.793959,Germany,Frankfurt,2220,6,520052,7.81,126786
50.090976,8.60698,Germany,Frankfurt,2599,64,410678,11.94,101395
50.087063,8.726203,Germany,Frankfurt,1667,59,781554,10,695676
50.145912,8.606332,Germany,Frankfurt,2312,12,568526,10.38,1451794
50.063677,8.674202,Germany,Frankfurt,2179,89,111371,11.48,121946
50.126279,8.710207,Germany,Frankfurt,1008,30,381790,4.8,401941
50.120174,8.719222,Germany,Frankfurt,3312,84,444622,7.59,70462
50.137145,8.622774,Germany,Frankfurt,737,59,770980,11.41,1191847
50.128828,8.615759,Germany,Frankfurt,2024,78,533655,10.48,191678
50.091197,8.60351,Germany,Frankfurt,1208,57,300442,9.55,828696
50.105763,8.789514,Germany,Frankfurt,4157,31,654206,10.48,515433
50.08952,8.784325,Germany,Frankfurt,1390,6,642466,5.08,1122028
50.114334,8.791787,Germany,Frankfurt,1580,91,222184,11.93,624103
50.09846,8.661046,Germany,Frankfurt,2300,54,656572,9.84,587855
50.09915,8.623737,Germany,Frankfurt,4666,68,237339,10.72,1219153
50.108379,8.782177,Germany,Frankfurt,694,21,64815,10.23,96464
